<application>
  <component name="MaterialCustomThemeConfig">
    <option name="treeSelectionColor" value="343234" />
    <option name="highlightColor" value="7d787d" />
    <option name="secondBorderColor" value="000000" />
    <option name="tableSelectedColor" value="000000" />
    <option name="contrastColor" value="000000" />
    <option name="disabledColor" value="343234" />
    <option name="secondaryBackgroundColor" value="000000" />
    <option name="buttonColor" value="000000" />
    <option name="selectionForegroundColor" value="ffffff" />
    <option name="selectionBackgroundColor" value="343234" />
    <option name="textColor" value="7d787d" />
    <option name="foregroundColor" value="989298" />
    <option name="backgroundColor" value="000000" />
  </component>
</application>